Benutzer,Date_Time,Time,Date
Aka,2019-06-02T02:26:00Z,02:26,2.06.2019
Alazon,2019-04-30T01:37:00Z,01:37,30.04.2019
VC10,2019-04-23T12:24:00Z,12:24,23.04.2019
Stenpierich,2019-04-20T12:47:00Z,12:47,20.04.2019
Justus Nussbaum,2019-04-15T20:42:00Z,20:42,15.04.2019
Sprachpfleger,2019-04-12T22:01:00Z,22:01,12.04.2019
Patricia V. Winkler,2019-03-29T19:17:00Z,19:17,29.03.2019
RoBri,2019-02-28T21:42:00Z,21:42,28.02.2019
91.67.192.219,2019-02-28T21:40:00Z,21:40,28.02.2019
Albatross4344,2019-02-25T13:28:00Z,13:28,25.02.2019
Mogelzahn,2019-02-10T17:35:00Z,17:35,10.02.2019
Aka,2019-02-08T22:16:00Z,22:16,8.02.2019
Sitacu,2019-02-08T17:39:00Z,17:39,8.02.2019
Ot,2019-01-31T08:02:00Z,08:02,31.01.2019
Sitacu,2019-01-30T17:48:00Z,17:48,30.01.2019
Exx2,2019-01-30T13:36:00Z,13:36,30.01.2019
Exx2,2019-01-30T13:21:00Z,13:21,30.01.2019
Horst Gräbner,2019-01-20T17:18:00Z,17:18,20.01.2019
82.149.101.117,2019-01-20T17:15:00Z,17:15,20.01.2019
Barnos,2019-01-11T09:24:00Z,09:24,11.01.2019
79.239.102.150,2019-01-11T03:22:00Z,03:22,11.01.2019
79.239.102.150,2019-01-11T03:09:00Z,03:09,11.01.2019
Neun-x,2018-12-29T15:36:00Z,15:36,29.12.2018
InternetArchiveBot,2018-12-01T13:54:00Z,13:54,1.12.2018
Phi,2018-11-15T22:04:00Z,22:04,15.11.2018
91.34.34.113,2018-11-15T20:51:00Z,20:51,15.11.2018
Rmcharb,2018-11-14T19:18:00Z,19:18,14.11.2018
109.192.125.123,2018-11-14T19:18:00Z,19:18,14.11.2018
Harry8,2018-11-14T11:50:00Z,11:50,14.11.2018
193.16.195.243,2018-11-14T11:50:00Z,11:50,14.11.2018
Frozen Hippopotamus,2018-11-14T11:48:00Z,11:48,14.11.2018
193.16.195.243,2018-11-14T11:47:00Z,11:47,14.11.2018
GünniX,2018-11-10T10:57:00Z,10:57,10.11.2018
Ot,2018-11-06T07:36:00Z,07:36,6.11.2018
Barnos,2018-11-05T17:24:00Z,17:24,5.11.2018
Barnos,2018-11-05T17:12:00Z,17:12,5.11.2018
Barnos,2018-11-05T16:50:00Z,16:50,5.11.2018
Barnos,2018-11-05T16:39:00Z,16:39,5.11.2018
Barnos,2018-11-05T16:28:00Z,16:28,5.11.2018
Barnos,2018-11-05T16:15:00Z,16:15,5.11.2018
Ot,2018-11-05T06:56:00Z,06:56,5.11.2018
Barnos,2018-11-04T19:04:00Z,19:04,4.11.2018
Barnos,2018-11-04T19:00:00Z,19:00,4.11.2018
Barnos,2018-11-04T18:53:00Z,18:53,4.11.2018
Aka,2018-11-03T23:12:00Z,23:12,3.11.2018
Barnos,2018-11-03T19:24:00Z,19:24,3.11.2018
Sitacu,2018-11-03T18:17:00Z,18:17,3.11.2018
Barnos,2018-11-03T17:24:00Z,17:24,3.11.2018
Phi,2018-10-13T18:15:00Z,18:15,13.10.2018
KhFhk 37&amp;!9,2018-10-13T16:28:00Z,16:28,13.10.2018
Janlo,2018-10-01T12:21:00Z,12:21,1.10.2018
Über-Blick,2018-09-23T01:58:00Z,01:58,23.09.2018
Phi,2018-09-19T22:48:00Z,22:48,19.09.2018
Consbuonomo,2018-09-19T22:37:00Z,22:37,19.09.2018
Consbuonomo,2018-09-19T22:36:00Z,22:36,19.09.2018
Hnsjrgnweis,2018-09-18T18:08:00Z,18:08,18.09.2018
Sitacu,2018-09-18T14:35:00Z,14:35,18.09.2018
Hnsjrgnweis,2018-09-18T11:32:00Z,11:32,18.09.2018
Hnsjrgnweis,2018-09-18T11:30:00Z,11:30,18.09.2018
Hnsjrgnweis,2018-09-18T11:19:00Z,11:19,18.09.2018
Dk1909,2018-09-15T14:47:00Z,14:47,15.09.2018
GünniX,2018-09-15T08:35:00Z,08:35,15.09.2018
Aka,2018-09-12T20:58:00Z,20:58,12.09.2018
Atirador,2018-09-12T14:47:00Z,14:47,12.09.2018
Aka,2018-09-10T16:20:00Z,16:20,10.09.2018
Hnsjrgnweis,2018-09-10T09:15:00Z,09:15,10.09.2018
Hnsjrgnweis,2018-09-10T09:14:00Z,09:14,10.09.2018
Hnsjrgnweis,2018-09-10T09:13:00Z,09:13,10.09.2018
Hnsjrgnweis,2018-09-10T09:11:00Z,09:11,10.09.2018
Hnsjrgnweis,2018-09-10T08:58:00Z,08:58,10.09.2018
Hnsjrgnweis,2018-09-10T08:41:00Z,08:41,10.09.2018
Ot,2018-09-10T07:30:00Z,07:30,10.09.2018
Hnsjrgnweis,2018-09-09T18:20:00Z,18:20,9.09.2018
Hnsjrgnweis,2018-09-09T18:18:00Z,18:18,9.09.2018
Hnsjrgnweis,2018-09-09T18:17:00Z,18:17,9.09.2018
Hnsjrgnweis,2018-09-09T18:16:00Z,18:16,9.09.2018
Hnsjrgnweis,2018-09-09T18:15:00Z,18:15,9.09.2018
Hnsjrgnweis,2018-09-09T18:10:00Z,18:10,9.09.2018
Hnsjrgnweis,2018-09-09T18:10:00Z,18:10,9.09.2018
Hnsjrgnweis,2018-09-09T17:54:00Z,17:54,9.09.2018
Hnsjrgnweis,2018-09-09T17:53:00Z,17:53,9.09.2018
Hnsjrgnweis,2018-09-09T17:51:00Z,17:51,9.09.2018
Hnsjrgnweis,2018-09-09T17:45:00Z,17:45,9.09.2018
Hnsjrgnweis,2018-09-09T15:24:00Z,15:24,9.09.2018
Hnsjrgnweis,2018-09-09T15:21:00Z,15:21,9.09.2018
Hnsjrgnweis,2018-09-09T15:17:00Z,15:17,9.09.2018
Hnsjrgnweis,2018-09-09T15:15:00Z,15:15,9.09.2018
Hnsjrgnweis,2018-09-09T15:10:00Z,15:10,9.09.2018
Hnsjrgnweis,2018-09-09T15:08:00Z,15:08,9.09.2018
Hnsjrgnweis,2018-09-09T14:54:00Z,14:54,9.09.2018
Hnsjrgnweis,2018-09-08T23:56:00Z,23:56,8.09.2018
Hnsjrgnweis,2018-09-08T23:54:00Z,23:54,8.09.2018
Hnsjrgnweis,2018-09-08T23:47:00Z,23:47,8.09.2018
Hnsjrgnweis,2018-09-08T23:45:00Z,23:45,8.09.2018
Hnsjrgnweis,2018-09-08T23:38:00Z,23:38,8.09.2018
Hnsjrgnweis,2018-09-08T23:35:00Z,23:35,8.09.2018
Hnsjrgnweis,2018-09-08T23:34:00Z,23:34,8.09.2018
Hnsjrgnweis,2018-09-08T23:27:00Z,23:27,8.09.2018
Hnsjrgnweis,2018-09-08T13:08:00Z,13:08,8.09.2018
Hnsjrgnweis,2018-09-08T12:24:00Z,12:24,8.09.2018
Aka,2018-08-22T21:40:00Z,21:40,22.08.2018
Benowar,2018-08-22T15:05:00Z,15:05,22.08.2018
Phi,2018-08-17T14:47:00Z,14:47,17.08.2018
Shoshone,2018-08-10T11:12:00Z,11:12,10.08.2018
Phi,2018-08-10T09:37:00Z,09:37,10.08.2018
Shoshone,2018-08-09T22:25:00Z,22:25,9.08.2018
Benatrevqre,2018-06-20T20:21:00Z,20:21,20.06.2018
Benatrevqre,2018-06-20T19:31:00Z,19:31,20.06.2018
Benatrevqre,2018-06-20T19:31:00Z,19:31,20.06.2018
Benatrevqre,2018-06-20T19:17:00Z,19:17,20.06.2018
Phi,2018-06-20T09:58:00Z,09:58,20.06.2018
Wiki-vr.mp,2018-06-20T09:37:00Z,09:37,20.06.2018
Wiki-vr.mp,2018-06-20T09:33:00Z,09:33,20.06.2018
PieRat,2018-06-15T23:59:00Z,23:59,15.06.2018
105.8.6.244,2018-06-15T23:57:00Z,23:57,15.06.2018
Horst Gräbner,2018-06-13T19:58:00Z,19:58,13.06.2018
2003:72:ae4c:b231:6dd4:3ba6:3f18:22e1,2018-06-13T19:57:00Z,19:57,13.06.2018
Phi,2018-06-03T19:41:00Z,19:41,3.06.2018
Phi,2018-06-03T13:53:00Z,13:53,3.06.2018
Phi,2018-06-03T12:06:00Z,12:06,3.06.2018
Ot,2018-06-03T06:42:00Z,06:42,3.06.2018
Phi,2018-06-02T17:19:00Z,17:19,2.06.2018
Phi,2018-06-02T17:10:00Z,17:10,2.06.2018
Benatrevqre,2018-03-25T18:13:00Z,18:13,25.03.2018
Phi,2018-03-24T13:05:00Z,13:05,24.03.2018
Allander,2018-03-24T02:49:00Z,02:49,24.03.2018
Allander,2018-03-24T00:53:00Z,00:53,24.03.2018
Phi,2018-03-23T23:32:00Z,23:32,23.03.2018
Allander,2018-03-23T22:45:00Z,22:45,23.03.2018
Allander,2018-03-23T21:47:00Z,21:47,23.03.2018
Allander,2018-03-23T20:56:00Z,20:56,23.03.2018
Allander,2018-03-23T19:21:00Z,19:21,23.03.2018
Allander,2018-03-23T17:39:00Z,17:39,23.03.2018
Phi,2018-03-23T17:36:00Z,17:36,23.03.2018
Allander,2018-03-23T17:27:00Z,17:27,23.03.2018
Allander,2018-03-23T17:16:00Z,17:16,23.03.2018
Altkatholik62,2018-03-18T06:18:00Z,06:18,18.03.2018
Aka,2018-03-13T20:41:00Z,20:41,13.03.2018
130.75.236.60,2018-03-13T18:30:00Z,18:30,13.03.2018
Logograph,2018-03-13T10:19:00Z,10:19,13.03.2018
109.40.128.167,2018-03-13T10:19:00Z,10:19,13.03.2018
Serols,2018-03-13T10:17:00Z,10:17,13.03.2018
109.40.128.167,2018-03-13T10:17:00Z,10:17,13.03.2018
Aka,2018-02-27T15:30:00Z,15:30,27.02.2018
Sitacu,2018-02-27T12:08:00Z,12:08,27.02.2018
Anidaat,2018-02-27T08:59:00Z,08:59,27.02.2018
Centenier,2018-02-19T17:23:00Z,17:23,19.02.2018
91.14.135.151,2018-02-19T17:22:00Z,17:22,19.02.2018
Phi,2018-02-18T18:28:00Z,18:28,18.02.2018
62.204.165.222,2018-02-18T16:15:00Z,16:15,18.02.2018
Braveheart,2018-02-18T15:17:00Z,15:17,18.02.2018
Braveheart,2018-02-18T15:16:00Z,15:16,18.02.2018
62.204.165.222,2018-02-18T14:17:00Z,14:17,18.02.2018
62.204.165.222,2018-02-18T14:03:00Z,14:03,18.02.2018
Allander,2018-02-18T13:42:00Z,13:42,18.02.2018
Phi,2018-02-18T12:13:00Z,12:13,18.02.2018
Allander,2018-02-18T12:05:00Z,12:05,18.02.2018
Ot,2018-02-18T11:55:00Z,11:55,18.02.2018
Allander,2018-02-18T11:52:00Z,11:52,18.02.2018
Ot,2018-02-18T11:45:00Z,11:45,18.02.2018
Allander,2018-02-18T11:28:00Z,11:28,18.02.2018
Ot,2018-02-18T08:52:00Z,08:52,18.02.2018
Allander,2018-02-17T15:51:00Z,15:51,17.02.2018
Aka,2018-02-17T14:51:00Z,14:51,17.02.2018
Allander,2018-02-17T13:21:00Z,13:21,17.02.2018
ⵁ,2018-01-14T16:41:00Z,16:41,14.01.2018
82.73.115.227,2018-01-14T16:40:00Z,16:40,14.01.2018
Ot,2017-12-25T07:51:00Z,07:51,25.12.2017
Hausimausi,2017-12-24T16:46:00Z,16:46,24.12.2017
Louis Wu,2017-11-28T09:45:00Z,09:45,28.11.2017
Jochen2707,2017-11-24T10:25:00Z,10:25,24.11.2017
Niedergrund,2017-11-08T21:04:00Z,21:04,8.11.2017
Essayist2017,2017-11-07T12:35:00Z,12:35,7.11.2017
RoBri,2017-10-24T14:42:00Z,14:42,24.10.2017
79.228.106.103,2017-10-24T14:20:00Z,14:20,24.10.2017
Fiona B.,2017-09-29T09:27:00Z,09:27,29.09.2017
Fiona B.,2017-09-29T09:26:00Z,09:26,29.09.2017
Fiona B.,2017-09-29T09:25:00Z,09:25,29.09.2017
2003:70:8d40:7c01:3903:642b:cb6d:f51b,2017-09-22T17:25:00Z,17:25,22.09.2017
GünniX,2017-09-14T07:17:00Z,07:17,14.09.2017
Gib Senf dazu!,2017-09-13T08:48:00Z,08:48,13.09.2017
B.A.Enz,2017-08-22T11:47:00Z,11:47,22.08.2017
DemokratieDämmerung,2017-08-22T11:07:00Z,11:07,22.08.2017
Logograph,2017-08-07T22:08:00Z,22:08,7.08.2017
Horv2000,2017-08-07T21:09:00Z,21:09,7.08.2017
Tuchiel,2017-08-01T09:26:00Z,09:26,1.08.2017
Invisigoth67,2017-06-04T18:04:00Z,18:04,4.06.2017
Sitacu,2017-05-22T04:22:00Z,04:22,22.05.2017
Sitacu,2017-05-22T04:16:00Z,04:16,22.05.2017
B.A.Enz,2017-05-18T14:06:00Z,14:06,18.05.2017
Sitacu,2017-05-17T17:41:00Z,17:41,17.05.2017
B.A.Enz,2017-05-17T17:07:00Z,17:07,17.05.2017
Sitacu,2017-05-17T17:01:00Z,17:01,17.05.2017
Sitacu,2017-05-15T16:11:00Z,16:11,15.05.2017
Aka,2017-05-04T18:11:00Z,18:11,4.05.2017
Ot,2017-04-14T08:33:00Z,08:33,14.04.2017
Hgzh,2017-04-13T12:58:00Z,12:58,13.04.2017
Girus,2017-04-07T07:10:00Z,07:10,7.04.2017
B.A.Enz,2017-04-02T14:26:00Z,14:26,2.04.2017
Ilja Lorek,2017-04-02T14:17:00Z,14:17,2.04.2017
Ilja Lorek,2017-04-02T13:22:00Z,13:22,2.04.2017
Ilja Lorek,2017-04-02T12:20:00Z,12:20,2.04.2017
Ilja Lorek,2017-04-02T12:06:00Z,12:06,2.04.2017
Nuuk,2017-03-25T13:46:00Z,13:46,25.03.2017
139.11.200.103,2017-03-24T19:11:00Z,19:11,24.03.2017
Sitacu,2017-03-22T05:17:00Z,05:17,22.03.2017
Aka,2017-03-21T22:25:00Z,22:25,21.03.2017
Allander,2017-03-21T19:04:00Z,19:04,21.03.2017
Allander,2017-03-21T17:46:00Z,17:46,21.03.2017
Seewolf,2017-03-21T17:42:00Z,17:42,21.03.2017
Allander,2017-03-21T17:25:00Z,17:25,21.03.2017
Braveheart,2017-03-21T17:15:00Z,17:15,21.03.2017
Sitacu,2017-03-21T17:15:00Z,17:15,21.03.2017
Allander,2017-03-21T16:12:00Z,16:12,21.03.2017
Allander,2017-03-21T16:08:00Z,16:08,21.03.2017
176.94.47.114,2017-03-15T11:06:00Z,11:06,15.03.2017
176.94.47.114,2017-03-15T11:05:00Z,11:05,15.03.2017
Zupanto,2017-03-12T03:02:00Z,03:02,12.03.2017
Sitacu,2017-03-02T17:19:00Z,17:19,2.03.2017
Sitacu,2017-03-02T17:15:00Z,17:15,2.03.2017
Sitacu,2017-03-01T18:26:00Z,18:26,1.03.2017
Sitacu,2017-03-01T18:24:00Z,18:24,1.03.2017
Sitacu,2017-03-01T17:01:00Z,17:01,1.03.2017
Sitacu,2017-02-27T17:41:00Z,17:41,27.02.2017
Horst Gräbner,2017-02-16T12:25:00Z,12:25,16.02.2017
93.231.223.79,2017-02-16T12:24:00Z,12:24,16.02.2017
2a02:8070:e283:7500:dd1:ecfd:e791:f8aa,2017-02-08T00:50:00Z,00:50,8.02.2017
Hammermatz,2017-02-07T19:44:00Z,19:44,7.02.2017
B.A.Enz,2017-02-07T08:37:00Z,08:37,7.02.2017
Consbuonomo,2017-02-07T08:18:00Z,08:18,7.02.2017
TaxonBot,2017-01-04T09:03:00Z,09:03,4.01.2017
Thylacin,2016-12-20T20:03:00Z,20:03,20.12.2016
Hnsjrgnweis,2016-12-13T13:34:00Z,13:34,13.12.2016
Hnsjrgnweis,2016-12-13T13:11:00Z,13:11,13.12.2016
Hnsjrgnweis,2016-12-13T13:09:00Z,13:09,13.12.2016
Hnsjrgnweis,2016-12-13T12:46:00Z,12:46,13.12.2016
Hnsjrgnweis,2016-12-13T12:45:00Z,12:45,13.12.2016
Horst-schlaemma,2016-11-30T16:13:00Z,16:13,30.11.2016
Cymothoa exigua,2016-11-22T17:29:00Z,17:29,22.11.2016
79.207.33.167,2016-11-22T15:21:00Z,15:21,22.11.2016
Allander,2016-11-22T12:21:00Z,12:21,22.11.2016
Horst-schlaemma,2016-11-21T18:11:00Z,18:11,21.11.2016
Allander,2016-11-21T17:57:00Z,17:57,21.11.2016
Horst-schlaemma,2016-11-21T17:23:00Z,17:23,21.11.2016
Horst-schlaemma,2016-11-21T17:21:00Z,17:21,21.11.2016
Allander,2016-11-21T15:22:00Z,15:22,21.11.2016
Allander,2016-11-21T15:21:00Z,15:21,21.11.2016
Allander,2016-11-21T15:14:00Z,15:14,21.11.2016
Allander,2016-11-21T15:01:00Z,15:01,21.11.2016
Horst-schlaemma,2016-11-21T12:46:00Z,12:46,21.11.2016
Horst-schlaemma,2016-11-18T04:22:00Z,04:22,18.11.2016
Horst-schlaemma,2016-11-18T04:20:00Z,04:20,18.11.2016
Phi,2016-11-16T16:01:00Z,16:01,16.11.2016
Horst-schlaemma,2016-11-16T15:53:00Z,15:53,16.11.2016
Horst-schlaemma,2016-11-16T15:49:00Z,15:49,16.11.2016
Horst-schlaemma,2016-11-16T15:47:00Z,15:47,16.11.2016
Armin P.,2016-11-14T00:54:00Z,00:54,14.11.2016
W. Edlmeier,2016-11-14T00:51:00Z,00:51,14.11.2016
92.209.80.212,2016-11-14T00:50:00Z,00:50,14.11.2016
B.A.Enz,2016-11-10T18:27:00Z,18:27,10.11.2016
Horst-schlaemma,2016-11-10T14:15:00Z,14:15,10.11.2016
Horst-schlaemma,2016-11-10T13:48:00Z,13:48,10.11.2016
Horst-schlaemma,2016-11-10T13:39:00Z,13:39,10.11.2016
Horst-schlaemma,2016-11-10T13:37:00Z,13:37,10.11.2016
Horst-schlaemma,2016-11-10T13:35:00Z,13:35,10.11.2016
Horst-schlaemma,2016-11-10T12:49:00Z,12:49,10.11.2016
Ama von und zu,2016-09-14T14:52:00Z,14:52,14.09.2016
Kungfu-Korrektor,2016-08-18T19:23:00Z,19:23,18.08.2016
SigmaB,2016-08-01T21:06:00Z,21:06,1.08.2016
77.6.49.159,2016-08-01T21:05:00Z,21:05,1.08.2016
Seewolf,2016-07-06T14:41:00Z,14:41,6.07.2016
Maaaruuu1,2016-07-06T14:17:00Z,14:17,6.07.2016
Maaaruuu1,2016-07-06T14:04:00Z,14:04,6.07.2016
Wandervogel,2016-06-26T12:08:00Z,12:08,26.06.2016
Geländewagen,2016-06-24T18:49:00Z,18:49,24.06.2016
Geländewagen,2016-06-24T18:49:00Z,18:49,24.06.2016
Louis Wu,2016-06-24T11:36:00Z,11:36,24.06.2016
Louis Wu,2016-06-24T11:35:00Z,11:35,24.06.2016
Ilja Lorek,2016-05-18T10:42:00Z,10:42,18.05.2016
Rmcharb,2016-05-16T21:50:00Z,21:50,16.05.2016
2a02:908:fd30:1d80:3926:76da:e42:4750,2016-05-16T21:47:00Z,21:47,16.05.2016
Maasikaru,2016-05-13T06:29:00Z,06:29,13.05.2016
Abinfimo,2016-05-13T06:29:00Z,06:29,13.05.2016
Häuslebauer,2016-04-25T13:52:00Z,13:52,25.04.2016
Schleppnaja,2016-04-25T13:47:00Z,13:47,25.04.2016
Horst Gräbner,2016-03-14T13:41:00Z,13:41,14.03.2016
188.103.135.44,2016-03-14T13:36:00Z,13:36,14.03.2016
Sprachpfleger,2016-02-11T21:04:00Z,21:04,11.02.2016
B.A.Enz,2016-02-05T18:39:00Z,18:39,5.02.2016
Gonzo.Lubitsch,2016-02-05T15:57:00Z,15:57,5.02.2016
Gonzo.Lubitsch,2016-02-05T15:51:00Z,15:51,5.02.2016
Gonzo.Lubitsch,2016-02-05T15:50:00Z,15:50,5.02.2016
Nuuk,2016-01-25T11:23:00Z,11:23,25.01.2016
Dr. Karl-Heinz Best,2016-01-21T21:38:00Z,21:38,21.01.2016
B.A.Enz,2016-01-16T15:48:00Z,15:48,16.01.2016
Bujo,2016-01-16T15:02:00Z,15:02,16.01.2016
87.142.206.102,2016-01-15T12:41:00Z,12:41,15.01.2016
Cekay,2015-11-03T20:31:00Z,20:31,3.11.2015
77.56.53.183,2015-10-17T12:18:00Z,12:18,17.10.2015
77.56.53.183,2015-10-17T12:16:00Z,12:16,17.10.2015
Pittimann,2015-10-12T15:36:00Z,15:36,12.10.2015
93.104.138.17,2015-10-12T15:36:00Z,15:36,12.10.2015
Ulitz,2015-09-25T23:17:00Z,23:17,25.09.2015
Ute Erb,2015-09-19T07:05:00Z,07:05,19.09.2015
Nuuk,2015-09-13T16:15:00Z,16:15,13.09.2015
GünniX,2015-08-30T08:34:00Z,08:34,30.08.2015
Bujo,2015-08-20T13:03:00Z,13:03,20.08.2015
Bujo,2015-08-20T13:01:00Z,13:01,20.08.2015
Bujo,2015-08-20T13:01:00Z,13:01,20.08.2015
Bujo,2015-08-20T12:36:00Z,12:36,20.08.2015
Bujo,2015-08-20T11:02:00Z,11:02,20.08.2015
Bujo,2015-08-20T10:58:00Z,10:58,20.08.2015
Bujo,2015-08-20T10:36:00Z,10:36,20.08.2015
Bujo,2015-08-20T10:31:00Z,10:31,20.08.2015
Bujo,2015-08-20T10:30:00Z,10:30,20.08.2015
Bujo,2015-08-20T10:23:00Z,10:23,20.08.2015
Bujo,2015-08-20T10:22:00Z,10:22,20.08.2015
Bujo,2015-08-20T10:18:00Z,10:18,20.08.2015
Casra,2015-07-27T18:44:00Z,18:44,27.07.2015
Imagrabber,2015-07-27T15:13:00Z,15:13,27.07.2015
Jesi,2015-07-14T13:25:00Z,13:25,14.07.2015
Bujo,2015-07-08T21:10:00Z,21:10,8.07.2015
Bujo,2015-07-08T20:46:00Z,20:46,8.07.2015
Bujo,2015-07-08T20:37:00Z,20:37,8.07.2015
Bujo,2015-07-08T19:22:00Z,19:22,8.07.2015
Bujo,2015-07-08T19:21:00Z,19:21,8.07.2015
Bujo,2015-07-08T19:13:00Z,19:13,8.07.2015
Werner von Basil,2015-06-09T07:24:00Z,07:24,9.06.2015
2a02:810b:8340:84c:6936:3c35:1d11:de43,2015-06-09T07:01:00Z,07:01,9.06.2015
Serols,2015-04-24T10:55:00Z,10:55,24.04.2015
176.199.38.236,2015-04-24T10:54:00Z,10:54,24.04.2015
Snoopy1964,2015-04-10T10:11:00Z,10:11,10.04.2015
95.90.215.32,2015-04-10T10:11:00Z,10:11,10.04.2015
Centenier,2015-04-07T14:41:00Z,14:41,7.04.2015
176.46.30.132,2015-04-07T14:41:00Z,14:41,7.04.2015
Richard Lenzen,2015-03-19T15:44:00Z,15:44,19.03.2015
Richard Lenzen,2015-03-19T15:42:00Z,15:42,19.03.2015
M2k~dewiki,2015-03-11T20:52:00Z,20:52,11.03.2015
Merlinschnee,2015-02-21T16:58:00Z,16:58,21.02.2015
Braveheart,2015-01-24T16:07:00Z,16:07,24.01.2015
178.12.93.93,2015-01-24T15:50:00Z,15:50,24.01.2015
Serols,2015-01-24T15:48:00Z,15:48,24.01.2015
178.12.93.93,2015-01-24T15:47:00Z,15:47,24.01.2015
178.12.93.93,2015-01-24T15:47:00Z,15:47,24.01.2015
Jkü,2014-12-23T18:30:00Z,18:30,23.12.2014
Gonzo.Lubitsch,2014-12-11T18:41:00Z,18:41,11.12.2014
Gonzo.Lubitsch,2014-12-11T18:32:00Z,18:32,11.12.2014
Gonzo.Lubitsch,2014-12-11T18:31:00Z,18:31,11.12.2014
Grip99,2014-10-31T03:17:00Z,03:17,31.10.2014
KarlV,2014-10-30T18:35:00Z,18:35,30.10.2014
Jebenbaum,2014-10-16T13:10:00Z,13:10,16.10.2014
Scooter,2014-09-26T10:11:00Z,10:11,26.09.2014
193.170.44.124,2014-09-26T10:08:00Z,10:08,26.09.2014
Tmtriumph,2014-09-09T09:36:00Z,09:36,9.09.2014
Tmtriumph,2014-09-08T13:32:00Z,13:32,8.09.2014
Tmtriumph,2014-09-08T13:30:00Z,13:30,8.09.2014
Braveheart,2014-09-05T10:55:00Z,10:55,5.09.2014
88.130.231.130,2014-09-05T09:19:00Z,09:19,5.09.2014
Profunditer,2014-08-17T16:28:00Z,16:28,17.08.2014
195.243.219.71,2014-07-25T09:28:00Z,09:28,25.07.2014
Ken-nedy,2014-06-28T11:08:00Z,11:08,28.06.2014
Frigitz,2014-06-14T18:15:00Z,18:15,14.06.2014
Man77,2014-05-29T22:54:00Z,22:54,29.05.2014
Semper,2014-05-27T13:57:00Z,13:57,27.05.2014
91.61.175.212,2014-05-27T13:57:00Z,13:57,27.05.2014
Andi58456,2014-05-26T11:08:00Z,11:08,26.05.2014
Tmtriumph,2014-05-21T18:00:00Z,18:00,21.05.2014
Gugerell,2014-05-19T14:32:00Z,14:32,19.05.2014
Spuk968,2014-05-13T22:41:00Z,22:41,13.05.2014
79.241.214.64,2014-05-13T22:41:00Z,22:41,13.05.2014
Louis Wu,2014-05-05T17:28:00Z,17:28,5.05.2014
Gustav von Aschenbach,2014-05-04T14:47:00Z,14:47,4.05.2014
2.240.147.131,2014-05-04T14:45:00Z,14:45,4.05.2014
93.104.163.141,2014-03-16T14:09:00Z,14:09,16.03.2014
S.Didam,2014-02-06T19:13:00Z,19:13,6.02.2014
S.Didam,2014-02-06T19:12:00Z,19:12,6.02.2014
Cekay,2014-02-06T13:11:00Z,13:11,6.02.2014
Cekay,2014-02-06T13:09:00Z,13:09,6.02.2014
Rax,2014-01-28T03:41:00Z,03:41,28.01.2014
188.103.250.200,2014-01-25T13:45:00Z,13:45,25.01.2014
188.103.250.200,2014-01-25T13:41:00Z,13:41,25.01.2014
176.198.220.212,2014-01-25T11:07:00Z,11:07,25.01.2014
TotalUseless,2013-12-31T01:16:00Z,01:16,31.12.2013
TotalUseless,2013-12-30T19:13:00Z,19:13,30.12.2013
Amagra,2013-12-18T10:45:00Z,10:45,18.12.2013
193.175.253.250,2013-12-10T11:37:00Z,11:37,10.12.2013
79.239.96.141,2013-11-25T02:57:00Z,02:57,25.11.2013
Phlixx,2013-11-03T10:56:00Z,10:56,3.11.2013
Cholo Aleman,2013-10-19T22:05:00Z,22:05,19.10.2013
B.A.Enz,2013-09-30T19:32:00Z,19:32,30.09.2013
Herbert81,2013-09-30T18:00:00Z,18:00,30.09.2013
Wnme,2013-09-30T17:45:00Z,17:45,30.09.2013
Herbert81,2013-09-30T17:41:00Z,17:41,30.09.2013
Prüm,2013-09-27T07:46:00Z,07:46,27.09.2013
Miltrak,2013-09-21T04:07:00Z,04:07,21.09.2013
BurghardRichter,2013-06-28T20:06:00Z,20:06,28.06.2013
Herbert81,2013-05-03T19:21:00Z,19:21,3.05.2013
Tunc,2013-05-03T08:42:00Z,08:42,3.05.2013
Herbert81,2013-05-02T19:08:00Z,19:08,2.05.2013
Herbert81,2013-05-02T19:06:00Z,19:06,2.05.2013
188.73.187.211,2013-04-13T19:29:00Z,19:29,13.04.2013
89.245.37.17,2013-03-27T05:18:00Z,05:18,27.03.2013
Naddy,2013-03-18T22:20:00Z,22:20,18.03.2013
Neun-x,2013-03-06T08:28:00Z,08:28,6.03.2013
EmausBot,2013-02-28T14:22:00Z,14:22,28.02.2013
MorbZ-Bot,2013-02-27T13:54:00Z,13:54,27.02.2013
EmausBot,2013-02-19T05:42:00Z,05:42,19.02.2013
Uweka,2013-02-15T22:24:00Z,22:24,15.02.2013
HaraldKnill,2013-02-06T01:51:00Z,01:51,6.02.2013
ZéroBot,2012-12-12T20:36:00Z,20:36,12.12.2012
Chaddy,2012-10-31T20:37:00Z,20:37,31.10.2012
Polemos,2012-10-12T18:53:00Z,18:53,12.10.2012
82.218.12.176,2012-09-23T10:58:00Z,10:58,23.09.2012
82.218.12.176,2012-09-23T10:58:00Z,10:58,23.09.2012
88.64.99.28,2012-09-05T20:01:00Z,20:01,5.09.2012
88.64.99.28,2012-09-05T20:01:00Z,20:01,5.09.2012
JYBot,2012-08-31T15:08:00Z,15:08,31.08.2012
77.12.83.128,2012-08-14T18:49:00Z,18:49,14.08.2012
Florian Blaschke,2012-07-29T16:01:00Z,16:01,29.07.2012
MerlIwBot,2012-07-27T21:16:00Z,21:16,27.07.2012
78.42.215.25,2012-07-26T01:22:00Z,01:22,26.07.2012
Florian Blaschke,2012-07-25T17:26:00Z,17:26,25.07.2012
Häuslebauer,2012-07-16T14:10:00Z,14:10,16.07.2012
81.210.236.217,2012-07-15T21:44:00Z,21:44,15.07.2012
81.210.236.217,2012-07-15T21:41:00Z,21:41,15.07.2012
Roy.ly,2012-06-24T12:43:00Z,12:43,24.06.2012
Erdimax,2012-05-10T05:31:00Z,05:31,10.05.2012
Erdimax,2012-05-10T05:26:00Z,05:26,10.05.2012
Erdimax,2012-05-10T05:20:00Z,05:20,10.05.2012
Neun-x,2012-04-07T01:14:00Z,01:14,7.04.2012
188.24.32.76,2012-03-18T18:38:00Z,18:38,18.03.2012
188.24.32.76,2012-03-18T18:37:00Z,18:37,18.03.2012
84.138.109.127,2012-03-13T00:14:00Z,00:14,13.03.2012
84.138.109.127,2012-03-13T00:13:00Z,00:13,13.03.2012
ESFP,2012-02-13T15:33:00Z,15:33,13.02.2012
ESFP,2012-02-13T05:54:00Z,05:54,13.02.2012
94.222.243.171,2012-02-13T05:51:00Z,05:51,13.02.2012
212.123.27.70,2012-02-01T07:13:00Z,07:13,1.02.2012
212.123.27.70,2012-02-01T07:12:00Z,07:12,1.02.2012
Benowar,2011-12-29T14:46:00Z,14:46,29.12.2011
MaLaa,2011-12-29T14:03:00Z,14:03,29.12.2011
213.135.243.18,2011-12-28T13:22:00Z,13:22,28.12.2011
2.215.241.102,2011-12-20T04:12:00Z,04:12,20.12.2011
Luckas-bot,2011-12-03T20:26:00Z,20:26,3.12.2011
Louis Wu,2011-10-17T22:35:00Z,22:35,17.10.2011
In dubio pro dubio,2011-10-12T00:28:00Z,00:28,12.10.2011
In dubio pro dubio,2011-10-12T00:27:00Z,00:27,12.10.2011
MystBot,2011-10-11T12:07:00Z,12:07,11.10.2011
Stephan Hense,2011-10-10T21:58:00Z,21:58,10.10.2011
Randolph33,2011-09-12T21:59:00Z,21:59,12.09.2011
91.6.95.50,2011-09-12T21:59:00Z,21:59,12.09.2011
Martin1978,2011-08-30T22:15:00Z,22:15,30.08.2011
87.151.156.196,2011-08-30T22:15:00Z,22:15,30.08.2011
Shadowtweaker,2011-08-30T22:14:00Z,22:14,30.08.2011
87.151.156.196,2011-08-30T22:14:00Z,22:14,30.08.2011
In dubio pro dubio,2011-08-07T00:15:00Z,00:15,7.08.2011
In dubio pro dubio,2011-08-07T00:11:00Z,00:11,7.08.2011
Katach,2011-08-04T15:51:00Z,15:51,4.08.2011
Braveheart,2011-08-01T21:50:00Z,21:50,1.08.2011
Kater Rocco,2011-08-01T21:22:00Z,21:22,1.08.2011
Niedergrund,2011-07-31T10:23:00Z,10:23,31.07.2011
Fabelhans,2011-07-31T10:06:00Z,10:06,31.07.2011
Teutschvölkischer,2011-07-25T20:21:00Z,20:21,25.07.2011
188.108.215.164,2011-07-23T08:23:00Z,08:23,23.07.2011
WikitanvirBot,2011-07-23T07:06:00Z,07:06,23.07.2011
Martin1978,2011-07-23T07:01:00Z,07:01,23.07.2011
188.108.208.132,2011-07-23T06:59:00Z,06:59,23.07.2011
Alkim Y,2011-07-13T01:27:00Z,01:27,13.07.2011
212.123.27.70,2011-07-11T12:21:00Z,12:21,11.07.2011
Casra,2011-07-01T19:07:00Z,19:07,1.07.2011
109.128.115.121,2011-07-01T15:34:00Z,15:34,1.07.2011
Luckas-bot,2011-06-16T19:47:00Z,19:47,16.06.2011
Xqbot,2011-06-11T22:54:00Z,22:54,11.06.2011
Luckas-bot,2011-06-06T15:52:00Z,15:52,6.06.2011
Toter Alter Mann,2011-05-29T15:21:00Z,15:21,29.05.2011
91.65.218.31,2011-05-29T15:02:00Z,15:02,29.05.2011
217.227.10.177,2011-05-28T19:02:00Z,19:02,28.05.2011
188.103.240.163,2011-05-22T18:06:00Z,18:06,22.05.2011
212.123.27.66,2011-05-20T14:07:00Z,14:07,20.05.2011
Gerhardvalentin,2011-05-18T00:25:00Z,00:25,18.05.2011
87.170.142.4,2011-05-17T22:38:00Z,22:38,17.05.2011
87.170.142.4,2011-05-17T22:37:00Z,22:37,17.05.2011
Seewolf,2011-05-13T15:10:00Z,15:10,13.05.2011
Fauserjoe,2011-05-13T15:09:00Z,15:09,13.05.2011
212.123.27.66,2011-05-10T16:45:00Z,16:45,10.05.2011
212.123.27.66,2011-05-10T16:41:00Z,16:41,10.05.2011
Toter Alter Mann,2011-05-06T14:55:00Z,14:55,6.05.2011
Toter Alter Mann,2011-05-06T14:51:00Z,14:51,6.05.2011
Toter Alter Mann,2011-05-06T14:20:00Z,14:20,6.05.2011
Louis Wu,2011-03-30T21:54:00Z,21:54,30.03.2011
AlMa77,2011-03-21T19:43:00Z,19:43,21.03.2011
81.207.20.42,2011-03-10T18:39:00Z,18:39,10.03.2011
Braveheart,2011-03-09T18:27:00Z,18:27,9.03.2011
Curtoluzzi,2011-03-09T15:43:00Z,15:43,9.03.2011
Curtoluzzi,2011-03-09T15:42:00Z,15:42,9.03.2011
Voskos,2011-02-28T16:26:00Z,16:26,28.02.2011
89.204.153.109,2011-02-14T21:34:00Z,21:34,14.02.2011
Pilettes,2011-02-14T20:24:00Z,20:24,14.02.2011
Sambalolec,2011-01-26T00:04:00Z,00:04,26.01.2011
WikitanvirBot,2011-01-19T05:23:00Z,05:23,19.01.2011
U-96,2011-01-16T14:55:00Z,14:55,16.01.2011
Braveheart,2010-11-17T11:44:00Z,11:44,17.11.2010
HerrmannWalter,2010-11-17T11:41:00Z,11:41,17.11.2010
SkySilver,2010-11-14T01:22:00Z,01:22,14.11.2010
Toter Alter Mann,2010-11-13T23:45:00Z,23:45,13.11.2010
Vicki Reitta,2010-11-13T22:53:00Z,22:53,13.11.2010
Mielemau,2010-11-07T06:48:00Z,06:48,7.11.2010
Mielemau,2010-11-07T06:46:00Z,06:46,7.11.2010
Casra,2010-10-26T21:03:00Z,21:03,26.10.2010
Braveheart,2010-10-26T19:03:00Z,19:03,26.10.2010
Goldplie,2010-10-26T18:55:00Z,18:55,26.10.2010
ArthurBot,2010-10-24T22:51:00Z,22:51,24.10.2010
93.129.37.207,2010-10-24T00:16:00Z,00:16,24.10.2010
Braveheart,2010-10-11T13:44:00Z,13:44,11.10.2010
SkySilver,2010-10-11T13:26:00Z,13:26,11.10.2010
Pincerno,2010-09-26T01:04:00Z,01:04,26.09.2010
93.135.49.186,2010-09-26T00:23:00Z,00:23,26.09.2010
Björn Bornhöft,2010-09-26T00:11:00Z,00:11,26.09.2010
93.135.49.186,2010-09-26T00:11:00Z,00:11,26.09.2010
Casra,2010-09-25T16:55:00Z,16:55,25.09.2010
Casra,2010-09-25T16:44:00Z,16:44,25.09.2010
Toter Alter Mann,2010-09-20T01:32:00Z,01:32,20.09.2010
Nothere,2010-09-15T12:08:00Z,12:08,15.09.2010
Toter Alter Mann,2010-09-09T22:06:00Z,22:06,9.09.2010
217.185.228.147,2010-09-09T20:39:00Z,20:39,9.09.2010
77.190.16.130,2010-09-06T11:18:00Z,11:18,6.09.2010
Toter Alter Mann,2010-09-04T19:53:00Z,19:53,4.09.2010
Benatrevqre,2010-08-14T19:05:00Z,19:05,14.08.2010
Benatrevqre,2010-08-14T18:38:00Z,18:38,14.08.2010
Benatrevqre,2010-08-14T18:36:00Z,18:36,14.08.2010
Häuslebauer,2010-08-12T16:59:00Z,16:59,12.08.2010
Häuslebauer,2010-08-12T16:58:00Z,16:58,12.08.2010
Vergelter,2010-08-12T15:54:00Z,15:54,12.08.2010
Vergelter,2010-08-12T15:53:00Z,15:53,12.08.2010
Vergelter,2010-08-12T15:49:00Z,15:49,12.08.2010
Ipafes,2010-08-09T15:41:00Z,15:41,9.08.2010
Felix König,2010-07-23T21:48:00Z,21:48,23.07.2010
Felix König,2010-07-23T21:47:00Z,21:47,23.07.2010
Charmrock,2010-07-16T08:52:00Z,08:52,16.07.2010
KarlV,2010-07-15T10:05:00Z,10:05,15.07.2010
KarlV,2010-07-15T10:01:00Z,10:01,15.07.2010
Charmrock,2010-07-14T17:28:00Z,17:28,14.07.2010
Zaphiro,2010-07-14T13:58:00Z,13:58,14.07.2010
Zaphiro,2010-07-14T13:56:00Z,13:56,14.07.2010
Charmrock,2010-07-14T13:46:00Z,13:46,14.07.2010
Charmrock,2010-07-14T13:45:00Z,13:45,14.07.2010
Charmrock,2010-07-14T13:40:00Z,13:40,14.07.2010
Akii,2010-06-30T13:45:00Z,13:45,30.06.2010
Spam,2010-06-01T22:26:00Z,22:26,1.06.2010
Spam,2010-06-01T22:26:00Z,22:26,1.06.2010
Savin 2005,2010-05-28T13:15:00Z,13:15,28.05.2010
193.170.221.54,2010-05-28T13:14:00Z,13:14,28.05.2010
Gerhardvalentin,2010-05-06T00:05:00Z,00:05,6.05.2010
83.164.40.212,2010-05-05T17:12:00Z,17:12,5.05.2010
Playmobilonhishorse,2010-04-17T11:13:00Z,11:13,17.04.2010
Gerhardvalentin,2010-03-18T23:43:00Z,23:43,18.03.2010
91.64.126.59,2010-03-18T23:39:00Z,23:39,18.03.2010
131.220.171.240,2010-03-18T17:59:00Z,17:59,18.03.2010
Gerhardvalentin,2010-03-18T14:09:00Z,14:09,18.03.2010
89.247.252.53,2010-03-18T14:03:00Z,14:03,18.03.2010
Der.Traeumer,2010-03-18T14:02:00Z,14:02,18.03.2010
89.247.252.53,2010-03-18T14:01:00Z,14:01,18.03.2010
Der.Traeumer,2010-03-18T14:01:00Z,14:01,18.03.2010
89.247.252.53,2010-03-18T14:01:00Z,14:01,18.03.2010
Häuslebauer,2010-03-08T01:19:00Z,01:19,8.03.2010
Timk70,2010-03-07T20:02:00Z,20:02,7.03.2010
80.146.67.206,2010-03-07T20:02:00Z,20:02,7.03.2010
Jwezel,2010-03-07T13:07:00Z,13:07,7.03.2010
Häuslebauer,2010-03-06T14:21:00Z,14:21,6.03.2010
Jivee Blau,2010-03-05T18:49:00Z,18:49,5.03.2010
217.233.30.114,2010-03-05T18:48:00Z,18:48,5.03.2010
Pittimann,2010-03-05T10:13:00Z,10:13,5.03.2010
Pittimann,2010-03-05T09:58:00Z,09:58,5.03.2010
109.192.186.140,2010-03-05T09:58:00Z,09:58,5.03.2010
TXiKiBoT,2010-02-02T15:33:00Z,15:33,2.02.2010
87.245.91.33,2010-01-30T04:56:00Z,04:56,30.01.2010
87.245.91.33,2010-01-30T03:50:00Z,03:50,30.01.2010
De rien,2010-01-28T17:45:00Z,17:45,28.01.2010
Stephan Hense,2010-01-21T02:36:00Z,02:36,21.01.2010
GrouchoBot,2010-01-11T00:02:00Z,00:02,11.01.2010
Ziko,2009-12-20T16:13:00Z,16:13,20.12.2009
Ziko,2009-12-20T15:58:00Z,15:58,20.12.2009
Ziko,2009-12-20T15:56:00Z,15:56,20.12.2009
TXiKiBoT,2009-12-09T17:53:00Z,17:53,9.12.2009
80.219.171.226,2009-11-29T18:22:00Z,18:22,29.11.2009
80.219.171.226,2009-11-29T18:20:00Z,18:20,29.11.2009
Ralf Roletschek,2009-11-22T23:53:00Z,23:53,22.11.2009
D'ohBot,2009-09-19T17:58:00Z,17:58,19.09.2009
Katzenzüchter,2009-09-18T03:43:00Z,03:43,18.09.2009
Howwi,2009-09-14T16:12:00Z,16:12,14.09.2009
78.48.76.20,2009-09-14T16:12:00Z,16:12,14.09.2009
91.113.81.163,2009-08-03T21:50:00Z,21:50,3.08.2009
Braveheart,2009-06-12T21:19:00Z,21:19,12.06.2009
Roses in love,2009-06-12T21:18:00Z,21:18,12.06.2009
Gustav von Aschenbach,2009-06-12T21:10:00Z,21:10,12.06.2009
Roses in love,2009-06-12T21:10:00Z,21:10,12.06.2009
Roses in love,2009-06-12T21:09:00Z,21:09,12.06.2009
Bosta,2009-06-11T07:47:00Z,07:47,11.06.2009
Häuslebauer,2009-06-07T23:42:00Z,23:42,7.06.2009
212.201.76.41,2009-06-06T21:47:00Z,21:47,6.06.2009
Häuslebauer,2009-04-13T17:55:00Z,17:55,13.04.2009
217.184.0.61,2009-04-11T12:25:00Z,12:25,11.04.2009
Sambalolec,2009-04-10T21:25:00Z,21:25,10.04.2009
RibotBOT,2009-04-08T15:47:00Z,15:47,8.04.2009
Häuslebauer,2009-03-13T14:41:00Z,14:41,13.03.2009
89.247.235.160,2009-03-12T23:55:00Z,23:55,12.03.2009
Häuslebauer,2009-03-11T03:48:00Z,03:48,11.03.2009
89.61.72.46,2009-03-11T03:15:00Z,03:15,11.03.2009
Kai-Hendrik,2009-03-09T20:20:00Z,20:20,9.03.2009
Häuslebauer,2009-03-04T20:53:00Z,20:53,4.03.2009
84.119.66.142,2009-03-04T10:01:00Z,10:01,4.03.2009
Xqbot,2009-03-02T07:00:00Z,07:00,2.03.2009
Niteshift,2009-02-15T03:22:00Z,03:22,15.02.2009
TXiKiBoT,2009-01-14T03:24:00Z,03:24,14.01.2009
Divinator,2009-01-06T01:21:00Z,01:21,6.01.2009
Asthma,2008-11-26T09:11:00Z,09:11,26.11.2008
89.247.29.9,2008-11-14T00:10:00Z,00:10,14.11.2008
83.79.72.180,2008-11-06T20:20:00Z,20:20,6.11.2008
Häuslebauer,2008-10-21T16:39:00Z,16:39,21.10.2008
83.171.178.120,2008-10-21T10:13:00Z,10:13,21.10.2008
Häuslebauer,2008-10-13T11:12:00Z,11:12,13.10.2008
80.121.66.9,2008-10-12T20:44:00Z,20:44,12.10.2008
Suit,2008-10-10T14:53:00Z,14:53,10.10.2008
195.4.195.99,2008-10-02T15:20:00Z,15:20,2.10.2008
Keloid,2008-09-30T08:59:00Z,08:59,30.09.2008
Häuslebauer,2008-09-24T17:18:00Z,17:18,24.09.2008
Häuslebauer,2008-09-24T15:13:00Z,15:13,24.09.2008
Savin 2005,2008-09-21T20:16:00Z,20:16,21.09.2008
80.108.172.170,2008-09-21T20:16:00Z,20:16,21.09.2008
Andreas Aerni,2008-09-12T11:59:00Z,11:59,12.09.2008
Fritzen,2008-09-06T19:05:00Z,19:05,6.09.2008
Fritzen,2008-09-06T19:04:00Z,19:04,6.09.2008
Fritzen,2008-09-05T17:29:00Z,17:29,5.09.2008
Fritzen,2008-09-05T17:28:00Z,17:28,5.09.2008
Sefo,2008-09-02T19:19:00Z,19:19,2.09.2008
Häuslebauer,2008-09-02T19:09:00Z,19:09,2.09.2008
Sefo,2008-09-02T19:04:00Z,19:04,2.09.2008
Golden State,2008-08-30T00:23:00Z,00:23,30.08.2008
Golden State,2008-08-30T00:10:00Z,00:10,30.08.2008
Malik17,2008-08-27T23:36:00Z,23:36,27.08.2008
Golden State,2008-08-22T00:41:00Z,00:41,22.08.2008
Golden State,2008-08-22T00:39:00Z,00:39,22.08.2008
Golden State,2008-08-21T08:27:00Z,08:27,21.08.2008
Golden State,2008-08-21T08:24:00Z,08:24,21.08.2008
Aidan Campbell-Balfour,2008-08-19T12:03:00Z,12:03,19.08.2008
Häuslebauer,2008-08-18T19:51:00Z,19:51,18.08.2008
Devere,2008-08-18T17:03:00Z,17:03,18.08.2008
Häuslebauer,2008-08-18T16:42:00Z,16:42,18.08.2008
Devere,2008-08-18T16:40:00Z,16:40,18.08.2008
Häuslebauer,2008-08-13T05:17:00Z,05:17,13.08.2008
Häuslebauer,2008-08-13T05:11:00Z,05:11,13.08.2008
Häuslebauer,2008-08-13T05:11:00Z,05:11,13.08.2008
Häuslebauer,2008-08-13T05:10:00Z,05:10,13.08.2008
Häuslebauer,2008-08-13T02:01:00Z,02:01,13.08.2008
Häuslebauer,2008-08-13T02:00:00Z,02:00,13.08.2008
Häuslebauer,2008-08-13T01:58:00Z,01:58,13.08.2008
Blaufisch,2008-08-08T17:27:00Z,17:27,8.08.2008
212.201.70.127,2008-08-08T17:24:00Z,17:24,8.08.2008
212.201.70.127,2008-08-08T17:21:00Z,17:21,8.08.2008
Häuslebauer,2008-07-29T07:37:00Z,07:37,29.07.2008
Häuslebauer,2008-07-29T07:26:00Z,07:26,29.07.2008
Häuslebauer,2008-07-29T06:45:00Z,06:45,29.07.2008
Häuslebauer,2008-07-29T02:59:00Z,02:59,29.07.2008
Häuslebauer,2008-07-29T02:54:00Z,02:54,29.07.2008
Gustav von Aschenbach,2008-07-28T23:58:00Z,23:58,28.07.2008
Gustav von Aschenbach,2008-07-28T23:57:00Z,23:57,28.07.2008
84.137.219.198,2008-07-28T23:49:00Z,23:49,28.07.2008
84.137.219.198,2008-07-28T23:49:00Z,23:49,28.07.2008
Häuslebauer,2008-07-26T18:49:00Z,18:49,26.07.2008
Häuslebauer,2008-07-26T18:38:00Z,18:38,26.07.2008
Häuslebauer,2008-07-26T18:38:00Z,18:38,26.07.2008
212.201.71.252,2008-07-25T14:31:00Z,14:31,25.07.2008
HaSee,2008-07-24T16:24:00Z,16:24,24.07.2008
Don Magnifico,2008-07-08T11:39:00Z,11:39,8.07.2008
Times,2008-07-07T15:37:00Z,15:37,7.07.2008
Häuslebauer,2008-07-05T12:16:00Z,12:16,5.07.2008
212.201.79.140,2008-07-05T12:11:00Z,12:11,5.07.2008
Häuslebauer,2008-07-03T15:12:00Z,15:12,3.07.2008
Mekkerma,2008-07-03T14:05:00Z,14:05,3.07.2008
WAH,2008-07-03T14:03:00Z,14:03,3.07.2008
Mekkerma,2008-07-03T14:01:00Z,14:01,3.07.2008
Jergen,2008-07-03T12:46:00Z,12:46,3.07.2008
212.201.77.213,2008-07-03T11:49:00Z,11:49,3.07.2008
Jergen,2008-07-03T11:44:00Z,11:44,3.07.2008
Mekkerma,2008-07-03T11:34:00Z,11:34,3.07.2008
Mekkerma,2008-07-03T11:24:00Z,11:24,3.07.2008
Gustav von Aschenbach,2008-07-03T11:22:00Z,11:22,3.07.2008
Mekkerma,2008-07-03T11:19:00Z,11:19,3.07.2008
Gustav von Aschenbach,2008-07-03T11:18:00Z,11:18,3.07.2008
Mekkerma,2008-07-03T11:14:00Z,11:14,3.07.2008
Lustiger seth,2008-07-03T08:50:00Z,08:50,3.07.2008
88.117.120.179,2008-07-03T02:50:00Z,02:50,3.07.2008
Oreg,2008-06-27T03:08:00Z,03:08,27.06.2008
Braveheart,2008-06-24T12:53:00Z,12:53,24.06.2008
Malik17,2008-06-24T12:06:00Z,12:06,24.06.2008
Malik17,2008-06-24T12:05:00Z,12:05,24.06.2008
Häuslebauer,2008-06-22T18:56:00Z,18:56,22.06.2008
Häuslebauer,2008-06-22T18:40:00Z,18:40,22.06.2008
Häuslebauer,2008-06-22T18:34:00Z,18:34,22.06.2008
Birkenschakal,2008-06-22T18:14:00Z,18:14,22.06.2008
Clari,2008-06-18T18:09:00Z,18:09,18.06.2008
Idioma-bot,2008-06-17T14:26:00Z,14:26,17.06.2008
Braveheart,2008-06-11T15:09:00Z,15:09,11.06.2008
80.157.129.14,2008-06-11T15:01:00Z,15:01,11.06.2008
SieBot,2008-05-17T19:05:00Z,19:05,17.05.2008
Oreg,2008-04-14T16:43:00Z,16:43,14.04.2008
Sambalolec,2008-04-13T17:43:00Z,17:43,13.04.2008
Fingerhutodermütze,2008-04-12T19:02:00Z,19:02,12.04.2008
Sambalolec,2008-04-12T18:53:00Z,18:53,12.04.2008
Sambalolec,2008-04-12T16:49:00Z,16:49,12.04.2008
77.8.139.90,2008-04-12T16:42:00Z,16:42,12.04.2008
Kai-Hendrik,2008-04-02T23:38:00Z,23:38,2.04.2008
Oreg,2008-03-29T06:30:00Z,06:30,29.03.2008
PipepBot,2008-03-29T03:22:00Z,03:22,29.03.2008
JAnDbot,2008-03-07T15:39:00Z,15:39,7.03.2008
139.18.53.4,2008-02-20T16:20:00Z,16:20,20.02.2008
88.73.46.215,2008-01-23T12:43:00Z,12:43,23.01.2008
Nikkis,2008-01-22T19:47:00Z,19:47,22.01.2008
128.176.175.83,2008-01-22T19:46:00Z,19:46,22.01.2008
82.194.113.244,2007-12-20T14:24:00Z,14:24,20.12.2007
Andy king50,2007-12-15T10:36:00Z,10:36,15.12.2007
85.126.179.114,2007-12-15T09:10:00Z,09:10,15.12.2007
87.184.27.65,2007-12-12T17:03:00Z,17:03,12.12.2007
JAnDbot,2007-12-12T15:23:00Z,15:23,12.12.2007
DorganBot,2007-11-21T18:05:00Z,18:05,21.11.2007
AlnoktaBOT,2007-11-21T03:38:00Z,03:38,21.11.2007
84.159.232.24,2007-11-06T10:55:00Z,10:55,6.11.2007
BotMultichill,2007-10-24T01:17:00Z,01:17,24.10.2007
88.65.153.119,2007-10-17T20:30:00Z,20:30,17.10.2007
Tinz,2007-09-22T00:40:00Z,00:40,22.09.2007
87.160.245.52,2007-09-22T00:39:00Z,00:39,22.09.2007
Tsui,2007-09-22T00:23:00Z,00:23,22.09.2007
Tsui,2007-09-22T00:19:00Z,00:19,22.09.2007
Tsui,2007-09-22T00:17:00Z,00:17,22.09.2007
P UdK,2007-09-17T23:42:00Z,23:42,17.09.2007
85.177.100.35,2007-09-17T23:42:00Z,23:42,17.09.2007
P UdK,2007-09-17T23:40:00Z,23:40,17.09.2007
85.177.100.35,2007-09-17T23:39:00Z,23:39,17.09.2007
Zwobot,2007-09-12T04:16:00Z,04:16,12.09.2007
Oms,2007-08-29T01:41:00Z,01:41,29.08.2007
Eintragung ins Nichts,2007-08-27T15:00:00Z,15:00,27.08.2007
Mittagsdämon,2007-08-27T13:01:00Z,13:01,27.08.2007
Mittagsdämon,2007-08-27T12:25:00Z,12:25,27.08.2007
Mittagsdämon,2007-08-27T12:23:00Z,12:23,27.08.2007
Mittagsdämon,2007-08-26T23:30:00Z,23:30,26.08.2007
Braveheart,2007-08-26T21:21:00Z,21:21,26.08.2007
Mittagsdämon,2007-08-26T21:11:00Z,21:11,26.08.2007
Pink Evolution,2007-08-24T18:51:00Z,18:51,24.08.2007
Entlinkt,2007-08-24T06:54:00Z,06:54,24.08.2007
87.123.141.61,2007-08-24T05:07:00Z,05:07,24.08.2007
Gustav von Aschenbach,2007-08-24T01:15:00Z,01:15,24.08.2007
Pink Evolution,2007-08-24T01:00:00Z,01:00,24.08.2007
Wojwode,2007-08-24T00:50:00Z,00:50,24.08.2007
Pink Evolution,2007-08-23T22:38:00Z,22:38,23.08.2007
Mittagsdämon,2007-08-23T17:23:00Z,17:23,23.08.2007
83.64.157.33,2007-08-23T14:06:00Z,14:06,23.08.2007
Mittagsdämon,2007-08-23T02:57:00Z,02:57,23.08.2007
Mittagsdämon,2007-08-23T02:57:00Z,02:57,23.08.2007
Mittagsdämon,2007-08-23T02:52:00Z,02:52,23.08.2007
172.176.74.122,2007-08-22T17:08:00Z,17:08,22.08.2007
Braveheart,2007-08-21T19:59:00Z,19:59,21.08.2007
Pink Evolution,2007-08-21T19:53:00Z,19:53,21.08.2007
Gustav von Aschenbach,2007-08-21T15:35:00Z,15:35,21.08.2007
91.34.91.235,2007-08-21T15:18:00Z,15:18,21.08.2007
Der Stachel,2007-08-21T03:57:00Z,03:57,21.08.2007
Pink Evolution,2007-08-21T03:08:00Z,03:08,21.08.2007
Pink Evolution,2007-08-21T03:04:00Z,03:04,21.08.2007
Pink Evolution,2007-08-21T02:58:00Z,02:58,21.08.2007
Pink Evolution,2007-08-21T02:51:00Z,02:51,21.08.2007
Pink Evolution,2007-08-21T02:32:00Z,02:32,21.08.2007
82.83.201.239,2007-08-20T19:21:00Z,19:21,20.08.2007
Mnh,2007-08-17T14:51:00Z,14:51,17.08.2007
Seidenkäfer,2007-08-02T20:06:00Z,20:06,2.08.2007
Loveless,2007-08-02T12:32:00Z,12:32,2.08.2007
Fritzen,2007-07-18T21:29:00Z,21:29,18.07.2007
Zimmi,2007-06-15T09:37:00Z,09:37,15.06.2007
132.199.235.15,2007-05-14T10:11:00Z,10:11,14.05.2007
Arne List,2007-05-13T21:10:00Z,21:10,13.05.2007
Noirceuil,2007-04-29T11:33:00Z,11:33,29.04.2007
George Stobbart,2007-04-26T21:56:00Z,21:56,26.04.2007
Kantor.JH,2007-04-15T18:40:00Z,18:40,15.04.2007
Musikhörer,2007-04-14T22:27:00Z,22:27,14.04.2007
Musikhörer,2007-04-14T22:26:00Z,22:26,14.04.2007
Jesusfreund,2007-04-10T10:13:00Z,10:13,10.04.2007
Anima,2007-04-09T22:54:00Z,22:54,9.04.2007
Anima,2007-04-09T22:51:00Z,22:51,9.04.2007
Boris Fernbacher,2007-04-09T22:04:00Z,22:04,9.04.2007
Boris Fernbacher,2007-04-09T22:03:00Z,22:03,9.04.2007
Boris Fernbacher,2007-04-09T22:03:00Z,22:03,9.04.2007
Der Stachel,2007-04-09T13:33:00Z,13:33,9.04.2007
Jesusfreund,2007-04-09T13:13:00Z,13:13,9.04.2007
Jesusfreund,2007-04-09T13:11:00Z,13:11,9.04.2007
Jesusfreund,2007-04-09T13:10:00Z,13:10,9.04.2007
Jesusfreund,2007-04-09T13:06:00Z,13:06,9.04.2007
Jesusfreund,2007-04-09T13:03:00Z,13:03,9.04.2007
Marco K.,2007-04-09T02:06:00Z,02:06,9.04.2007
Frado,2007-04-08T23:43:00Z,23:43,8.04.2007
€pa,2007-04-08T18:37:00Z,18:37,8.04.2007
JHeuser,2007-04-08T12:50:00Z,12:50,8.04.2007
JHeuser,2007-04-08T12:49:00Z,12:49,8.04.2007
Boris Fernbacher,2007-04-08T08:01:00Z,08:01,8.04.2007
Boris Fernbacher,2007-04-08T07:54:00Z,07:54,8.04.2007
Boris Fernbacher,2007-04-08T07:53:00Z,07:53,8.04.2007
Boris Fernbacher,2007-04-08T07:52:00Z,07:52,8.04.2007
Boris Fernbacher,2007-04-08T07:51:00Z,07:51,8.04.2007
Boris Fernbacher,2007-04-08T07:47:00Z,07:47,8.04.2007
Braveheart,2007-04-07T23:40:00Z,23:40,7.04.2007
Tsui,2007-04-07T23:18:00Z,23:18,7.04.2007
Boris Fernbacher,2007-04-07T23:09:00Z,23:09,7.04.2007
Boris Fernbacher,2007-04-07T23:08:00Z,23:08,7.04.2007
Boris Fernbacher,2007-04-07T23:07:00Z,23:07,7.04.2007
Boris Fernbacher,2007-04-07T23:07:00Z,23:07,7.04.2007
Calculus,2007-04-07T12:20:00Z,12:20,7.04.2007
Calculus,2007-04-07T12:20:00Z,12:20,7.04.2007
Braveheart,2007-04-07T10:17:00Z,10:17,7.04.2007
Boris Fernbacher,2007-04-07T08:30:00Z,08:30,7.04.2007
Boris Fernbacher,2007-04-07T08:29:00Z,08:29,7.04.2007
Boris Fernbacher,2007-04-07T08:28:00Z,08:28,7.04.2007
Boris Fernbacher,2007-04-07T08:27:00Z,08:27,7.04.2007
Boris Fernbacher,2007-04-07T08:27:00Z,08:27,7.04.2007
ReqEngineer,2007-04-02T20:26:00Z,20:26,2.04.2007
ReqEngineer,2007-04-02T20:17:00Z,20:17,2.04.2007
Sergio Delinquente,2007-04-02T12:40:00Z,12:40,2.04.2007
Braveheart,2007-04-01T20:59:00Z,20:59,1.04.2007
Herr Andrax,2007-04-01T19:34:00Z,19:34,1.04.2007
Herr Andrax,2007-04-01T19:32:00Z,19:32,1.04.2007
Herr Andrax,2007-04-01T19:31:00Z,19:31,1.04.2007
Herr Andrax,2007-04-01T19:14:00Z,19:14,1.04.2007
Herr Andrax,2007-04-01T19:13:00Z,19:13,1.04.2007
Herr Andrax,2007-04-01T19:11:00Z,19:11,1.04.2007
Herr Andrax,2007-04-01T18:55:00Z,18:55,1.04.2007
Herr Andrax,2007-04-01T18:53:00Z,18:53,1.04.2007
Herr Andrax,2007-04-01T18:51:00Z,18:51,1.04.2007
Herr Andrax,2007-04-01T18:48:00Z,18:48,1.04.2007
Herr Andrax,2007-04-01T18:45:00Z,18:45,1.04.2007
Herr Andrax,2007-04-01T18:14:00Z,18:14,1.04.2007
Herr Andrax,2007-04-01T18:12:00Z,18:12,1.04.2007
Herr Andrax,2007-04-01T18:11:00Z,18:11,1.04.2007
Herr Andrax,2007-04-01T17:55:00Z,17:55,1.04.2007
Herr Andrax,2007-04-01T17:54:00Z,17:54,1.04.2007
Calculus,2007-04-01T14:33:00Z,14:33,1.04.2007
Anesta,2007-03-24T13:41:00Z,13:41,24.03.2007
Anesta,2007-03-24T13:37:00Z,13:37,24.03.2007
Anesta,2007-03-24T13:35:00Z,13:35,24.03.2007
85.124.52.112,2007-03-15T12:00:00Z,12:00,15.03.2007
85.124.52.112,2007-03-15T11:55:00Z,11:55,15.03.2007
87.175.2.5,2007-03-04T19:44:00Z,19:44,4.03.2007
-jha-,2007-02-27T14:41:00Z,14:41,27.02.2007
86.32.128.99,2007-02-24T20:52:00Z,20:52,24.02.2007
86.32.128.99,2007-02-24T20:41:00Z,20:41,24.02.2007
AF666,2007-02-14T12:51:00Z,12:51,14.02.2007
Cocoloi,2007-02-03T21:02:00Z,21:02,3.02.2007
Dontworry,2007-02-01T09:58:00Z,09:58,1.02.2007
89.246.28.247,2007-01-30T21:29:00Z,21:29,30.01.2007
89.246.28.247,2007-01-30T21:29:00Z,21:29,30.01.2007
Polaris,2007-01-26T12:44:00Z,12:44,26.01.2007
Lokalpatriot-Tegel,2007-01-25T23:34:00Z,23:34,25.01.2007
Lokalpatriot-Tegel,2007-01-25T23:32:00Z,23:32,25.01.2007
Lokalpatriot-Tegel,2007-01-25T20:05:00Z,20:05,25.01.2007
Lokalpatriot-Tegel,2007-01-25T20:03:00Z,20:03,25.01.2007
Avariel,2007-01-24T20:32:00Z,20:32,24.01.2007
88.66.33.8,2007-01-24T16:52:00Z,16:52,24.01.2007
217.186.101.63,2007-01-24T15:51:00Z,15:51,24.01.2007
217.186.101.63,2007-01-24T15:49:00Z,15:49,24.01.2007
217.186.101.63,2007-01-24T15:49:00Z,15:49,24.01.2007
87.122.158.92,2007-01-02T19:00:00Z,19:00,2.01.2007
Tobi B.,2007-01-02T18:56:00Z,18:56,2.01.2007
87.122.158.92,2007-01-02T18:55:00Z,18:55,2.01.2007
Braveheart,2007-01-02T00:53:00Z,00:53,2.01.2007
87.122.157.154,2007-01-02T00:46:00Z,00:46,2.01.2007
88.73.187.56,2006-12-16T14:52:00Z,14:52,16.12.2006
88.73.187.56,2006-12-16T14:48:00Z,14:48,16.12.2006
AF666,2006-12-07T12:49:00Z,12:49,7.12.2006
87.122.158.151,2006-11-30T23:54:00Z,23:54,30.11.2006
AF666,2006-11-29T15:24:00Z,15:24,29.11.2006
84.151.133.195,2006-11-26T18:32:00Z,18:32,26.11.2006
Thijs!bot,2006-11-25T13:43:00Z,13:43,25.11.2006
TheK,2006-11-23T04:22:00Z,04:22,23.11.2006
Zumbo,2006-11-09T12:10:00Z,12:10,9.11.2006
217.186.87.197,2006-11-04T16:16:00Z,16:16,4.11.2006
62.203.188.240,2006-10-31T17:29:00Z,17:29,31.10.2006
62.216.223.130,2006-10-31T10:18:00Z,10:18,31.10.2006
Queen of Chaos,2006-10-29T14:27:00Z,14:27,29.10.2006
Queen of Chaos,2006-10-29T14:16:00Z,14:16,29.10.2006
Queen of Chaos,2006-10-29T14:15:00Z,14:15,29.10.2006
Queen of Chaos,2006-10-29T14:10:00Z,14:10,29.10.2006
Queen of Chaos,2006-10-29T13:47:00Z,13:47,29.10.2006
Queen of Chaos,2006-10-29T13:43:00Z,13:43,29.10.2006
Queen of Chaos,2006-10-29T13:41:00Z,13:41,29.10.2006
Queen of Chaos,2006-10-29T13:38:00Z,13:38,29.10.2006
84.144.123.194,2006-10-24T12:17:00Z,12:17,24.10.2006
Gratisaktie,2006-10-17T13:36:00Z,13:36,17.10.2006
Gratisaktie,2006-10-17T12:34:00Z,12:34,17.10.2006
Pacogo7,2006-10-07T10:26:00Z,10:26,7.10.2006
König Rhampsinitos,2006-10-07T00:21:00Z,00:21,7.10.2006
Fritzen,2006-10-03T10:47:00Z,10:47,3.10.2006
84.144.108.50,2006-09-28T13:18:00Z,13:18,28.09.2006
62.180.160.130,2006-09-25T20:29:00Z,20:29,25.09.2006
84.185.229.29,2006-09-24T11:12:00Z,11:12,24.09.2006
62.180.160.54,2006-09-24T04:34:00Z,04:34,24.09.2006
62.180.160.54,2006-09-24T04:28:00Z,04:28,24.09.2006
Einsportler,2006-09-24T04:27:00Z,04:27,24.09.2006
62.180.160.54,2006-09-24T04:24:00Z,04:24,24.09.2006
62.180.160.54,2006-09-24T04:15:00Z,04:15,24.09.2006
62.180.160.54,2006-09-24T04:14:00Z,04:14,24.09.2006
62.180.160.54,2006-09-24T04:07:00Z,04:07,24.09.2006
62.180.160.54,2006-09-24T03:54:00Z,03:54,24.09.2006
62.180.160.54,2006-09-24T03:53:00Z,03:53,24.09.2006
62.180.160.54,2006-09-24T03:48:00Z,03:48,24.09.2006
62.180.160.54,2006-09-24T03:46:00Z,03:46,24.09.2006
62.180.160.54,2006-09-24T03:45:00Z,03:45,24.09.2006
Micha2564,2006-09-20T23:26:00Z,23:26,20.09.2006
JAnDbot,2006-08-28T12:02:00Z,12:02,28.08.2006
Ardo Beltz,2006-08-18T22:38:00Z,22:38,18.08.2006
141.48.173.254,2006-08-09T13:13:00Z,13:13,9.08.2006
FlaBot,2006-08-08T03:37:00Z,03:37,8.08.2006
Braveheart,2006-08-05T10:00:00Z,10:00,5.08.2006
Fritzen,2006-08-05T09:59:00Z,09:59,5.08.2006
Fritzen,2006-08-05T09:56:00Z,09:56,5.08.2006
212.33.41.62,2006-08-04T19:28:00Z,19:28,4.08.2006
Martin-vogel,2006-07-28T13:09:00Z,13:09,28.07.2006
200.118.109.140,2006-07-17T23:48:00Z,23:48,17.07.2006
200.118.109.140,2006-07-17T23:42:00Z,23:42,17.07.2006
84.142.150.228,2006-07-15T16:08:00Z,16:08,15.07.2006
Nikolang,2006-07-13T18:15:00Z,18:15,13.07.2006
Eskimbot,2006-07-04T07:06:00Z,07:06,4.07.2006
88.134.134.29,2006-06-22T23:59:00Z,23:59,22.06.2006
YurikBot,2006-06-14T12:56:00Z,12:56,14.06.2006
Lonardet,2006-06-07T16:39:00Z,16:39,7.06.2006
194.208.136.45,2006-06-01T13:49:00Z,13:49,1.06.2006
Braveheart,2006-06-01T09:49:00Z,09:49,1.06.2006
Suppenelse,2006-05-31T18:10:00Z,18:10,31.05.2006
62.117.8.162,2006-05-28T15:27:00Z,15:27,28.05.2006
80.109.78.183,2006-05-09T18:20:00Z,18:20,9.05.2006
80.109.78.183,2006-05-09T18:19:00Z,18:19,9.05.2006
Fritzen,2006-05-07T15:01:00Z,15:01,7.05.2006
201.129.218.180,2006-05-05T15:43:00Z,15:43,5.05.2006
89.53.243.160,2006-05-01T23:43:00Z,23:43,1.05.2006
84.144.82.23,2006-04-20T02:53:00Z,02:53,20.04.2006
194.230.201.120,2006-04-16T21:07:00Z,21:07,16.04.2006
80.221.249.215,2006-03-27T18:49:00Z,18:49,27.03.2006
80.221.249.215,2006-03-27T18:47:00Z,18:47,27.03.2006
80.108.178.26,2006-03-23T22:15:00Z,22:15,23.03.2006
Hubertl,2006-03-20T19:09:00Z,19:09,20.03.2006
85.180.32.93,2006-03-20T19:06:00Z,19:06,20.03.2006
80.143.77.175,2006-03-05T01:55:00Z,01:55,5.03.2006
89.51.24.38,2006-02-04T15:08:00Z,15:08,4.02.2006
89.51.27.96,2006-02-04T10:45:00Z,10:45,4.02.2006
84.175.226.225,2006-01-31T21:48:00Z,21:48,31.01.2006
134.76.158.132,2006-01-23T15:47:00Z,15:47,23.01.2006
Fritzen,2006-01-17T20:26:00Z,20:26,17.01.2006
82.218.22.24,2006-01-15T01:21:00Z,01:21,15.01.2006
Shanul,2006-01-07T20:02:00Z,20:02,7.01.2006
84.188.255.37,2005-12-21T00:53:00Z,00:53,21.12.2005
84.56.28.144,2005-12-20T20:51:00Z,20:51,20.12.2005
FlaBot,2005-12-20T12:08:00Z,12:08,20.12.2005
213.6.252.218,2005-12-19T23:51:00Z,23:51,19.12.2005
213.6.252.218,2005-12-19T23:50:00Z,23:50,19.12.2005
Georg Messner,2005-12-14T10:27:00Z,10:27,14.12.2005
Dave81,2005-12-08T23:04:00Z,23:04,8.12.2005
Ardo Beltz,2005-11-29T19:07:00Z,19:07,29.11.2005
84.128.193.225,2005-11-18T15:23:00Z,15:23,18.11.2005
FlaBot,2005-11-15T09:18:00Z,09:18,15.11.2005
Eskimbot,2005-10-31T12:16:00Z,12:16,31.10.2005
Braveheart,2005-10-27T13:53:00Z,13:53,27.10.2005
Geof,2005-10-27T12:46:00Z,12:46,27.10.2005
84.138.2.168,2005-10-18T15:31:00Z,15:31,18.10.2005
84.138.2.168,2005-10-18T15:27:00Z,15:27,18.10.2005
AF666,2005-09-25T22:26:00Z,22:26,25.09.2005
62.180.160.164,2005-09-22T23:24:00Z,23:24,22.09.2005
62.180.160.164,2005-09-22T23:23:00Z,23:23,22.09.2005
Wolfgang1018,2005-09-17T10:27:00Z,10:27,17.09.2005
62.134.88.25,2005-09-08T05:35:00Z,05:35,8.09.2005
RobotQuistnix,2005-09-01T21:42:00Z,21:42,1.09.2005
Mintleaf~dewiki,2005-09-01T02:40:00Z,02:40,1.09.2005
Elektrolurch,2005-08-31T16:50:00Z,16:50,31.08.2005
84.130.206.173,2005-08-31T16:07:00Z,16:07,31.08.2005
84.130.206.173,2005-08-31T16:06:00Z,16:06,31.08.2005
84.130.206.173,2005-08-31T16:04:00Z,16:04,31.08.2005
84.130.206.173,2005-08-31T16:02:00Z,16:02,31.08.2005
62.180.161.48,2005-08-26T22:33:00Z,22:33,26.08.2005
62.180.161.48,2005-08-26T22:30:00Z,22:30,26.08.2005
62.180.161.48,2005-08-26T22:28:00Z,22:28,26.08.2005
Suricata,2005-08-10T10:17:00Z,10:17,10.08.2005
84.58.9.254,2005-08-10T04:00:00Z,04:00,10.08.2005
84.174.77.203,2005-08-08T18:38:00Z,18:38,8.08.2005
RobotE,2005-07-29T11:29:00Z,11:29,29.07.2005
213.153.52.185,2005-07-27T12:28:00Z,12:28,27.07.2005
213.153.52.185,2005-07-27T12:27:00Z,12:27,27.07.2005
83.77.187.55,2005-07-24T17:27:00Z,17:27,24.07.2005
Patchworker,2005-07-22T15:44:00Z,15:44,22.07.2005
Suricata,2005-07-22T09:58:00Z,09:58,22.07.2005
141.48.76.56,2005-07-22T09:06:00Z,09:06,22.07.2005
Suricata,2005-07-21T15:50:00Z,15:50,21.07.2005
149.225.86.251,2005-07-21T15:43:00Z,15:43,21.07.2005
149.225.58.138,2005-07-20T22:56:00Z,22:56,20.07.2005
84.183.53.114,2005-07-20T18:21:00Z,18:21,20.07.2005
217.252.118.2,2005-07-19T14:53:00Z,14:53,19.07.2005
84.181.137.152,2005-07-18T18:07:00Z,18:07,18.07.2005
Joni2,2005-07-14T18:17:00Z,18:17,14.07.2005
62.206.93.18,2005-07-11T17:44:00Z,17:44,11.07.2005
Suricata,2005-07-06T16:35:00Z,16:35,6.07.2005
Suricata,2005-07-05T16:06:00Z,16:06,5.07.2005
Haize,2005-07-05T15:59:00Z,15:59,5.07.2005
Suricata,2005-07-05T13:33:00Z,13:33,5.07.2005
83.135.144.180,2005-07-05T13:19:00Z,13:19,5.07.2005
Haize,2005-07-01T12:59:00Z,12:59,1.07.2005
Haize,2005-07-01T12:44:00Z,12:44,1.07.2005
Suricata,2005-06-30T19:35:00Z,19:35,30.06.2005
217.110.124.98,2005-06-30T14:14:00Z,14:14,30.06.2005
217.110.124.98,2005-06-30T14:13:00Z,14:13,30.06.2005
83.65.142.2,2005-06-18T13:24:00Z,13:24,18.06.2005
62.180.160.170,2005-06-14T03:20:00Z,03:20,14.06.2005
62.180.160.170,2005-06-14T03:16:00Z,03:16,14.06.2005
62.180.160.170,2005-06-14T03:08:00Z,03:08,14.06.2005
62.180.160.170,2005-06-14T03:01:00Z,03:01,14.06.2005
62.180.160.170,2005-06-14T02:55:00Z,02:55,14.06.2005
LordRaptor,2005-03-14T16:36:00Z,16:36,14.03.2005
Moralapostel,2005-03-09T21:55:00Z,21:55,9.03.2005
62.203.81.128,2005-02-07T11:49:00Z,11:49,7.02.2005
Karl-Henner,2005-01-31T04:00:00Z,04:00,31.01.2005
Karl-Henner,2005-01-31T03:59:00Z,03:59,31.01.2005
Suricata,2005-01-27T11:20:00Z,11:20,27.01.2005
193.135.75.131,2005-01-27T10:14:00Z,10:14,27.01.2005
195.124.18.133,2004-10-14T17:38:00Z,17:38,14.10.2004
Suricata,2004-10-12T10:10:00Z,10:10,12.10.2004
Elektrolurch,2004-09-05T21:01:00Z,21:01,5.09.2004
ErikDunsing,2004-08-24T15:28:00Z,15:28,24.08.2004
193.158.71.20,2004-08-06T09:33:00Z,09:33,6.08.2004
193.158.71.20,2004-08-06T09:31:00Z,09:31,6.08.2004
193.158.71.20,2004-08-06T09:31:00Z,09:31,6.08.2004
193.158.71.20,2004-08-06T09:24:00Z,09:24,6.08.2004
217.239.26.18,2004-07-13T19:19:00Z,19:19,13.07.2004
80.108.19.63,2004-05-18T00:56:00Z,00:56,18.05.2004
Samwise,2004-03-25T14:58:00Z,14:58,25.03.2004
Skriptor,2004-03-25T12:35:00Z,12:35,25.03.2004
Uwe Kessler,2004-03-25T04:09:00Z,04:09,25.03.2004
Stern,2004-03-25T02:48:00Z,02:48,25.03.2004
Samwise,2004-03-25T02:43:00Z,02:43,25.03.2004
Stern,2004-03-23T02:39:00Z,02:39,23.03.2004
213.209.69.10,2004-03-23T02:34:00Z,02:34,23.03.2004
217.229.55.182,2004-03-21T05:15:00Z,05:15,21.03.2004
Langec,2004-03-04T15:42:00Z,15:42,4.03.2004
62.26.245.82,2004-03-04T14:08:00Z,14:08,4.03.2004
